Strategy,Target_Budget,Actual_Call_Rate,Overall_CER,Boundary_Deletion_Recall@B,Substitution_CER,P95_Latency_MS,Avg_Token_Usage,Total_Token_Usage,N_Latency_Valid,N_Token_Valid,AER,CVR,N_valid
AgentA_Only,0.0,0.0,0.116446,0.0,0.06457,0.0,0.0,0.0,0,0,0.0,0.0,100
GCR,0.1,0.1,0.114238,0.16,0.062914,19117.061,0.0,0.0,10,0,0.6,0.3,100
BAUR,0.1,0.1,0.11479,0.16,0.063466,64437.198,0.0,0.0,10,0,0.5,0.3,100
DAR,0.1,0.1,0.114238,0.16,0.064018,130512.309,0.0,0.0,10,0,0.6,0.2,100
GCR,0.2,0.2,0.111479,0.24,0.06181,181015.916,0.0,0.0,20,0,0.55,0.2,100
BAUR,0.2,0.2,0.110927,0.24,0.061258,180775.395,0.0,0.0,20,0,0.55,0.25,100
DAR,0.2,0.2,0.113135,0.24,0.062362,135092.997,0.0,0.0,20,0,0.5,0.3,100
GCR,0.3,0.3,0.111479,0.32,0.059051,175967.142,0.0,0.0,30,0,0.5667,0.2667,100
BAUR,0.3,0.3,0.112031,0.32,0.059603,180797.438,0.0,0.0,30,0,0.6,0.2,100
DAR,0.3,0.3,0.109272,0.32,0.058499,180755.355,0.0,0.0,30,0,0.5333,0.2333,100
